{"cameraMode":{"drawMode":0,"name":"Shaded","section":"Shading Mode"},"sceneLighting":true,"audioPlay":false,"sceneViewState":{"showFog":true,"showMaterialUpdate":false,"showSkybox":true,"showFlares":true,"showImageEffects":true,"showParticleSystems":true},"in2DMode":false,"pivot":{"x":0.46374616026878359,"y":1.0556836128234864,"z":0.5616588592529297},"rotation":{"x":-0.05247566103935242,"y":-0.0027003332506865265,"z":0.00014152159565128386,"w":-0.9986202120780945},"size":2.133380889892578,"orthographic":false}